Method	ROC_AUC	PR_AUC	FPR	TPR	ROC_threshold	Precision	Recall	PR_threshold
HEK293T_independent_sample	0.8285653476839772	0.8574124779189916	0.05007645259938838	0.525611620795107	0.203	0.95	0.40672782874617736	0.313
HCT116	0.7977138717820949	0.8384743502453487	0.050365906155832973	0.49806284976323717	0.224	0.9498069498069498	0.4235901851054671	0.289
