	ReDD	Dinopore	DeepEdit
(0,0.2]	0.003599596088435377	-0.02	0.022466216216216216
(0.2,0.4]	-0.07617647058823529	-0.085166562755916	-0.13384615384615384
(0.4,0.6]	-0.21297619047619049	-0.19677040479292152	-0.3255952380952381
(0.6,0.8]	-0.20834841628959277	-0.30242552104821496	-0.5047826086956522
(0.8,1.0]	-0.2965217391304348	-0.46761624763890497	-0.6212500000000001
