	HCT116	HEK293T_independent_sample
(0,0.2]	0.0611111111111111	0.03794777139732021
(0.2,0.4]	-0.03408200734394125	-0.053333333333333344
(0.4,0.6]	-0.12740384615384617	-0.08666666666666667
(0.6,0.8]	-0.06857142857142862	-0.06541666666666668
(0.8,1.0]	-0.13181818181818172	-0.14571428571428569
