ReDD	Dinopore	DeepEdit
0.1612330349126596	0.21632572663777744	0.30160152676392943
