Model	MAE
5D_5mer	0.26429488464494544
5D_7mer	0.223775291941312
3D_9mer	0.29191758967716963
editing_status_loss_only	0.24964678563532675
ref_loss	0.22567120519529277
basecall_loss	0.21065228832534277
ReDD	0.17250190648251568
REDD_WT_only	0.21852280151192627
