Model	ROC_AUC	PR_AUC	FPR	TPR	ROC_threshold	Precision	Recall	PR_threshold	Accuracy	F1
5D_5mer	0.8713447960751352	0.885675126146463	0.05052125100240577	0.5829991980753809	0.092	0.9494290375203915	0.4667201283079391	0.134	0.7662389735364876	0.7137947962690231
5D_7mer	0.8900684819187542	0.9072164492314732	0.04971932638331997	0.7008821170809943	0.057	0.9480968858131488	0.6591820368885325	0.071	0.8255813953488372	0.8007329363261565
3D_9mer	0.8611033762505554	0.8765445897926885	0.05052125100240577	0.6960705693664796	0.017	0.9502890173410404	0.6591820368885325	0.027	0.8227746591820368	0.7970615243342516
editing_status_loss_only	0.8618834360444216	0.8866453343598938	0.05052125100240577	0.6712109061748196	0.052	0.949748743718593	0.6062550120288693	0.075	0.8103448275862069	0.7796925943176526
ref_loss	0.8851212436712586	0.900302019272693	0.04971932638331997	0.7345629510825983	0.026	0.9497326203208556	0.7121090617481957	0.033	0.8424218123496391	0.8233707865168539
basecall_loss	0.8831582325246992	0.9017574901698076	0.05052125100240577	0.7265437048917401	0.027	0.9491341991341992	0.7032878909382518	0.036	0.8380112269446672	0.8176895306859205
ReDD	0.8965594411350674	0.9150971119655285	0.04971932638331997	0.7305533279871692	0.051	0.950110864745011	0.6872493985565357	0.068	0.8404170008019246	0.8207207207207208
REDD_WT_only	0.7942336668147902	0.8227089199818556	0.04971932638331997	0.5733761026463512	0.032	0.950937950937951	0.5284683239775461	0.064	0.7618283881315157	0.7065217391304347
