Site	truth_ratio	ReDD_WT_ratio	ReDD_DKO_ratio	ReDD_WT_prediction	ReDD_DKO_prediction	ReDD_threshold
chr11-31431024	0.29	0.10714285714285714	0.0	editing	non-editing	0.051
chr11-31431038	0.12	0.03333333333333333	0.0	non-editing	non-editing	0.051
chr11-31431051	0.34	0.3939393939393939	0.029411764705882353	editing	non-editing	0.051
chr11-31431089	0.81	0.5833333333333334	0.0	editing	non-editing	0.051
chr11-31431137	0.2	0.18421052631578946	0.0	editing	non-editing	0.051
chr11-31431200	0.17	0.45454545454545453	0.06818181818181818	editing	editing	0.051
chr11-31431203	0.48	0.6511627906976745	0.13636363636363635	editing	editing	0.051
chr11-31431240	0.84	0.8260869565217391	0.0425531914893617	editing	non-editing	0.051
chr11-31431241	0.73	0.8181818181818182	0.02127659574468085	editing	non-editing	0.051
chr11-31431242	0.4	0.4186046511627907	0.02127659574468085	editing	non-editing	0.051
chr11-31431263	0.1	0.0784313725490196	0.0	editing	non-editing	0.051
