Model	MAE
HEK293T	0.2425844322175109
HEK293T;H1-PE	0.17315292158867085
HEK293T;H9-hESC	0.11823605651226576
HEK293T;H1-PE;H1-DE	0.10457340685716372
HEK293T;H1-PE;H1-DE;H9-hESC	0.08502062182556239
all	0.06600349673921693
