Method	ROC_AUC	PR_AUC	FPR	TPR	ROC_threshold	Precision	Recall	PR_threshold
ReDD	0.9075453940974887	0.9204521523322042	0.04956268221574344	0.7557894736842106	0.051	0.9504950495049505	0.7073684210526315	0.068
Dinopore	0.9196767428776023	0.9214877777104822	0.04956268221574344	0.6736842105263158	0.373703257215649	0.9504587155963303	0.5452631578947369	0.634215376300106
DeepEdit	0.5736990435271853	0.5503405091781506	0.04956268221574344	0.08	0.4594594594594595	1.0	0.002105263157894737	0.9428571428571428
