HCT116	HEK293T_independent_sample
0.12275560453963708	0.10323370849339682
